timestamp,instrument_id,type,strike,bid_price,bid_size,ask_price,ask_size
1790758503306542080,450000,CALL,450,51.39,100,52.43,100
1790758503306798080,450001,PUT,450,0.04,100,0.09,100
1790758503306828288,455000,CALL,455,46.52,100,47.46,100
1790758503306857216,455001,PUT,455,0.1,100,0.15,100
1790758503306866944,460000,CALL,460,41.69,100,42.53,100
1790758503306870272,460001,PUT,460,0.2,100,0.25,100
1790758503306877696,465000,CALL,465,36.93,100,37.68,100
1790758503306880512,465001,PUT,465,0.37,100,0.42,100
1790758503306885120,470000,CALL,470,32.28,100,32.93,100
1790758503306887936,470001,PUT,470,0.65,100,0.7,100
1790758503306891776,475000,CALL,475,27.77,100,28.33,100
1790758503306894592,475001,PUT,475,1.08,100,1.13,100
1790758503306898688,480000,CALL,480,23.47,100,23.95,100
1790758503306901504,480001,PUT,480,1.72,100,1.77,100
1790758503306905600,485000,CALL,485,19.44,100,19.83,100
1790758503306908160,485001,PUT,485,2.62,100,2.67,100
1790758503306912256,490000,CALL,490,15.74,100,16.05,100
1790758503306914816,490001,PUT,490,3.85,100,3.92,100
1790758503306918912,495000,CALL,495,12.42,100,12.67,100
1790758503306921472,495001,PUT,495,5.46,100,5.57,100
1790758503306925312,500000,CALL,500,9.53,100,9.72,100
1790758503306927872,500001,PUT,500,7.5,100,7.65,100
1790758503306931968,505000,CALL,505,7.09,100,7.23,100
1790758503306934528,505001,PUT,505,9.99,100,10.19,100
1790758503306938624,510000,CALL,510,5.1,100,5.21,100
1790758503306941184,510001,PUT,510,12.93,100,13.19,100
1790758503306945280,515000,CALL,515,3.54,100,3.61,100
1790758503306947584,515001,PUT,515,16.3,100,16.63,100
1790758503306951680,520000,CALL,520,2.37,100,2.42,100
1790758503306954240,520001,PUT,520,20.06,100,20.46,100
1790758503306958336,525000,CALL,525,1.51,100,1.56,100
1790758503306960896,525001,PUT,525,24.14,100,24.63,100
1790758503306964992,530000,CALL,530,0.92,100,0.97,100
1790758503306967552,530001,PUT,530,28.48,100,29.06,100
1790758503306971392,535000,CALL,535,0.53,100,0.58,100
1790758503306974208,535001,PUT,535,33.03,100,33.7,100
1790758503306978048,540000,CALL,540,0.29,100,0.34,100
1790758503306980608,540001,PUT,540,37.72,100,38.48,100
1790758503306984704,545000,CALL,545,0.14,100,0.19,100
1790758503306987008,545001,PUT,545,42.5,100,43.36,100
1790758503306991616,550000,CALL,550,0.06,100,0.11,100
1790758503306995200,550001,PUT,550,47.35,100,48.31,100
